Home,Away,Wk,HomeGoals,AwayGoals,FTR,HomeShots,AwayShots,HomeShotsOnTarget,AwayShotsOnTarget,HomeFouls,AwayFouls,HomeCorners,AwayCorners,HomeYellow,AwayYellow,HomeRed,AwayRed,B365H,B365D,B365A
Angers,Bordeaux,1,2,2,D,9,7,5,4,16,15,0,5,3,2,0,0,2.5,3.1,3.1
Lille,Nantes,1,3,0,H,14,9,5,4,11,17,15,3,2,3,0,0,2,3.2,4.1
Lyon,Strasbourg,1,4,0,H,12,7,7,1,11,16,3,4,2,3,0,0,1.36,5,8.5
Marseille,Dijon,1,3,0,H,18,12,5,1,7,10,7,3,1,0,0,0,1.4,4.75,8
Metz,Guingamp,1,1,3,A,6,13,4,5,9,13,3,3,1,2,0,0,2.8,3.2,2.63
Monaco,Toulouse,1,3,2,H,17,6,7,3,12,23,8,2,1,3,0,0,1.3,5.5,10
Montpellier,Caen,1,1,0,H,10,8,2,1,9,11,9,3,2,1,0,0,1.91,3.5,4.2
Paris S-G,Amiens,1,2,0,H,16,7,5,1,9,12,8,3,0,1,0,0,1.11,9,25
Saint-Étienne,Nice,1,1,0,H,8,6,3,2,11,8,2,7,2,1,0,0,2.2,3.2,3.5
Troyes,Rennes,1,1,1,D,11,16,4,4,13,8,6,7,1,0,0,0,2.6,3.1,2.9
Amiens,Angers,2,0,2,A,10,12,1,6,8,18,5,5,3,2,0,0,2.9,3.1,2.63
Bordeaux,Metz,2,2,0,H,12,6,5,1,17,10,5,1,1,2,0,0,1.44,4.2,8.5
Caen,Saint-Étienne,2,0,1,A,10,6,4,4,12,15,8,2,1,1,0,0,3,3.1,2.5
Dijon,Monaco,2,1,4,A,15,16,3,6,10,12,6,10,0,2,0,0,7,4.2,1.5
Guingamp,Paris S-G,2,0,3,A,4,21,0,8,9,13,4,6,2,2,0,0,15,6,1.22
Nantes,Marseille,2,0,1,A,14,13,3,10,13,12,6,9,1,3,0,0,3.5,3.4,2.15
Nice,Troyes,2,1,2,A,20,10,6,4,11,8,10,4,2,3,0,0,1.53,4,7
Rennes,Lyon,2,1,2,A,17,17,5,8,9,16,14,2,1,3,0,0,3.6,3.5,2
Strasbourg,Lille,2,3,0,H,22,12,9,2,8,13,7,5,1,2,0,1,3.75,3.3,2.1
Toulouse,Montpellier,2,1,0,H,8,14,4,1,25,12,5,3,4,3,0,0,2.2,3.2,3.5
Lille,Caen,3,0,2,A,15,11,4,3,9,12,5,3,2,2,0,0,1.6,3.8,6
Lyon,Bordeaux,3,3,3,D,8,16,5,6,20,16,0,8,2,2,1,0,1.57,4.33,5.5
Marseille,Angers,3,1,1,D,12,11,2,4,20,7,11,2,3,2,1,0,1.6,3.9,5.75
Metz,Monaco,3,0,1,A,9,22,5,5,17,16,6,6,2,1,0,0,10,5,1.3
Montpellier,Strasbourg,3,1,1,D,16,7,5,1,6,18,9,2,2,3,0,0,1.85,3.5,4.5
Nice,Guingamp,3,2,0,H,14,13,8,1,12,15,4,5,2,2,0,0,2,3.3,4
Paris S-G,Toulouse,3,6,2,H,24,7,15,1,8,19,7,1,0,4,1,0,1.08,11,34
Rennes,Dijon,3,2,2,D,14,12,7,4,9,13,7,0,2,4,0,0,1.6,3.9,6
Saint-Étienne,Amiens,3,3,0,H,13,16,5,1,11,12,3,11,2,2,0,0,1.53,4,7
Troyes,Nantes,3,0,1,A,8,11,1,4,7,8,2,10,1,0,0,1,2.5,3.1,3.1
Amiens,Nice,4,3,0,H,12,12,4,3,14,7,3,4,3,3,0,0,3.3,3.2,2.3
Angers,Lille,4,1,1,D,11,13,2,3,10,10,7,1,2,5,0,0,2.25,3.1,3.5
Bordeaux,Troyes,4,2,1,H,12,5,8,2,9,17,4,4,0,1,0,0,1.44,4.5,7.5
Caen,Metz,4,1,0,H,16,9,4,2,11,16,9,3,2,2,0,0,1.85,3.4,4.75
Dijon,Montpellier,4,2,1,H,7,11,2,2,18,14,2,4,2,2,0,0,2.55,3.2,2.88
Guingamp,Strasbourg,4,2,0,H,14,15,6,3,12,14,2,7,1,2,0,0,1.91,3.4,4.33
Monaco,Marseille,4,6,1,H,14,10,8,3,11,14,1,1,2,3,0,0,1.62,4,5.5
Nantes,Lyon,4,0,0,D,6,16,2,3,13,11,1,8,1,1,0,0,3.6,3.4,2.1
Paris S-G,Saint-Étienne,4,3,0,H,14,12,4,2,20,12,8,3,2,3,0,0,1.08,11,29
Toulouse,Rennes,4,3,2,H,11,14,7,3,19,22,3,4,4,3,0,1,2.3,3.1,3.4
Caen,Dijon,5,2,1,H,12,9,3,4,19,17,8,3,1,2,1,0,2.05,3.2,4
Lille,Bordeaux,5,0,0,D,8,17,2,1,11,13,5,3,2,4,1,0,3,3.3,2.45
Lyon,Guingamp,5,2,1,H,12,13,4,6,16,16,3,6,2,2,0,0,1.4,4.75,8.5
Marseille,Rennes,5,1,3,A,10,17,4,4,18,14,5,2,6,1,0,0,1.67,4,5
Metz,Paris S-G,5,1,5,A,8,23,1,12,10,8,6,7,0,1,1,0,19,10,1.13
Montpellier,Nantes,5,0,1,A,11,12,3,4,7,12,8,3,1,2,1,0,2.15,3.2,3.8
Nice,Monaco,5,4,0,H,9,11,5,1,19,14,2,11,2,2,0,0,4.75,3.6,1.8
Saint-Étienne,Angers,5,1,1,D,8,15,4,6,9,19,1,3,3,2,1,1,2.15,3.2,3.75
Strasbourg,Amiens,5,0,1,A,10,8,3,3,22,14,6,0,1,3,1,0,2,3.2,4.2
Troyes,Toulouse,5,0,0,D,11,7,3,0,12,13,4,1,2,3,0,0,2.88,3.2,2.6
Amiens,Marseille,6,0,2,A,8,22,3,6,11,15,6,3,2,3,0,0,4,3.2,2.05
Angers,Metz,6,0,1,A,18,10,5,5,14,14,4,5,1,3,0,0,1.5,4,7.5
Dijon,Saint-Étienne,6,0,1,A,18,16,7,6,13,14,1,4,3,3,0,0,3,3.2,2.5
Guingamp,Lille,6,1,0,H,20,10,4,5,8,17,8,8,1,1,0,0,2.15,3.3,3.5
Monaco,Strasbourg,6,3,0,H,14,10,5,1,13,12,5,5,2,2,0,0,1.18,7.5,15
Nantes,Caen,6,1,0,H,8,8,4,1,12,12,4,3,0,2,0,0,1.95,3.25,4.33
Paris S-G,Lyon,6,2,0,H,14,12,5,5,11,13,9,4,3,2,0,0,1.17,7.5,17
Rennes,Nice,6,0,1,A,17,6,4,3,17,17,6,5,1,5,0,0,2.3,3.2,3.3
Toulouse,Bordeaux,6,0,1,A,16,14,5,4,17,10,3,9,3,1,0,0,2.9,3.1,2.5
Troyes,Montpellier,6,0,1,A,7,9,0,3,19,10,2,6,3,3,1,0,2.8,3.2,2.7
Bordeaux,Guingamp,7,3,1,H,21,10,8,4,14,14,5,2,4,2,0,0,1.73,3.5,5.5
Caen,Amiens,7,1,0,H,17,2,4,0,14,19,7,3,1,2,0,0,1.85,3.3,4.75
Lille,Monaco,7,0,4,A,11,12,2,7,18,14,1,1,1,2,0,0,4.75,3.8,1.7
Lyon,Dijon,7,3,3,D,20,11,6,6,17,19,8,1,1,5,0,0,1.29,5.75,10
Marseille,Toulouse,7,2,0,H,22,8,6,1,11,10,12,5,2,0,0,0,1.53,4.2,6.5
Metz,Troyes,7,0,1,A,15,9,7,2,11,12,5,4,3,3,0,1,2,3.3,4
Montpellier,Paris S-G,7,0,0,D,5,10,2,1,15,13,2,11,2,2,0,0,17,7.5,1.17
Nice,Angers,7,2,2,D,17,15,3,6,13,18,8,1,4,2,0,0,1.8,3.5,4.5
Saint-Étienne,Rennes,7,2,2,D,9,9,4,4,11,14,9,5,3,3,1,0,2.05,3.2,4
Strasbourg,Nantes,7,1,2,A,21,12,6,5,7,5,12,3,1,1,0,0,2.55,3,3.1
Amiens,Lille,8,3,0,H,8,12,4,1,12,10,4,6,3,2,0,0,2.7,3.1,2.7
Angers,Lyon,8,3,3,D,15,13,4,6,12,14,9,4,2,3,0,1,3.25,3.25,2.3
Dijon,Strasbourg,8,1,1,D,13,7,6,1,10,17,7,4,0,2,1,0,2.05,3.2,4
Guingamp,Toulouse,8,1,1,D,6,11,4,2,17,18,6,4,1,2,0,0,1.91,3.4,4.33
Monaco,Montpellier,8,1,1,D,8,15,1,3,19,12,3,4,3,1,0,0,1.36,5,8.5
Nantes,Metz,8,1,0,H,15,9,6,1,14,9,4,4,2,4,0,1,1.67,3.5,6
Nice,Marseille,8,2,4,A,19,17,10,9,14,16,9,5,2,3,0,1,2.38,3.4,3
Paris S-G,Bordeaux,8,6,2,H,11,17,9,6,10,18,1,5,1,2,0,0,1.14,9,15
Rennes,Caen,8,0,1,A,9,10,2,3,14,25,8,3,4,1,0,0,1.91,3.25,4.5
Troyes,Saint-Étienne,8,2,1,H,11,14,7,4,7,17,5,8,3,1,1,1,3.3,3.2,2.3
Bordeaux,Nantes,9,1,1,D,18,14,3,4,13,15,6,2,3,2,0,0,1.67,3.5,6
Caen,Angers,9,0,2,A,22,12,5,4,12,18,4,4,1,4,0,0,2.5,3.1,3.1
Dijon,Paris S-G,9,1,2,A,15,18,5,8,10,13,5,9,3,4,0,0,21,9,1.13
Guingamp,Rennes,9,2,0,H,16,11,9,0,19,15,6,5,3,6,0,1,2.15,3.3,3.5
Lille,Troyes,9,2,2,D,16,10,6,2,16,12,3,1,1,2,1,0,1.55,3.8,6.5
Lyon,Monaco,9,3,2,H,22,14,7,7,9,15,7,5,4,1,0,0,2.1,3.75,3.3
Montpellier,Nice,9,2,0,H,14,15,4,8,14,15,4,7,3,1,0,0,2.4,3.2,3.1
Saint-Étienne,Metz,9,3,1,H,20,10,5,2,10,16,12,5,2,1,0,0,1.53,4,7
Strasbourg,Marseille,9,3,3,D,19,20,9,7,14,9,4,4,3,3,0,0,4.2,3.4,1.91
Toulouse,Amiens,9,1,0,H,16,7,6,2,14,21,3,0,1,5,0,1,1.73,3.5,5
Amiens,Bordeaux,10,1,0,H,13,14,4,4,12,13,4,3,3,1,0,0,5.5,3.79,1.64
Angers,Toulouse,10,0,1,A,14,3,4,1,11,16,4,2,2,4,0,0,2,3.39,4
Marseille,Paris S-G,10,2,2,D,11,7,3,3,18,14,3,4,4,3,0,1,6.5,5,1.44
Metz,Dijon,10,1,2,A,15,8,5,6,11,15,2,5,1,2,1,0,2.75,3.29,2.62
Monaco,Caen,10,2,0,H,15,8,6,1,12,17,7,7,3,2,0,0,1.33,5,10
Nantes,Guingamp,10,2,1,H,9,10,3,4,13,12,3,6,3,1,0,0,2.1,3.29,3.75
Nice,Strasbourg,10,1,2,A,14,15,9,6,5,5,9,1,0,1,0,1,1.57,4,6
Rennes,Lille,10,1,0,H,9,7,6,1,13,17,2,6,1,2,0,1,2.14,3.29,3.5
Saint-Étienne,Montpellier,10,0,1,A,21,15,4,4,25,17,6,2,2,3,0,0,2.14,3.25,3.6
Troyes,Lyon,10,0,5,A,9,14,3,10,12,13,4,3,2,2,1,0,5,4,1.66
Bordeaux,Monaco,11,0,2,A,12,12,4,5,22,12,6,2,2,0,0,0,2.5,3.39,2.79
Caen,Troyes,11,1,0,H,16,8,3,3,12,13,6,6,1,3,0,0,1.66,3.6,5.75
Dijon,Nantes,11,1,0,H,6,10,1,0,15,19,1,5,3,2,0,0,2.6,3.1,2.89
Guingamp,Amiens,11,1,1,D,12,7,4,2,16,20,5,5,1,5,0,1,1.66,3.5,6
Lille,Marseille,11,0,1,A,18,10,7,3,18,17,11,4,2,3,0,0,3.39,3.25,2.25
Lyon,Metz,11,2,0,H,12,7,4,4,13,17,3,2,0,3,0,0,1.18,7.5,15
Montpellier,Rennes,11,0,1,A,9,7,4,2,15,17,4,1,4,2,0,0,2.04,3.1,4.09
Paris S-G,Nice,11,3,0,H,16,8,8,1,10,9,8,2,0,0,0,0,1.14,9,17
Strasbourg,Angers,11,2,2,D,14,5,6,2,10,12,4,2,3,2,0,0,2.7,3.1,2.79
Toulouse,Saint-Étienne,11,0,0,D,11,4,4,2,16,19,7,1,2,3,0,0,2.2,3.1,3.6
Angers,Paris S-G,12,0,5,A,9,15,3,7,8,13,2,4,1,3,0,0,15,7,1.19
Marseille,Caen,12,5,0,H,28,11,11,3,5,9,13,6,0,0,0,0,1.53,4,7
Metz,Lille,12,0,3,A,19,14,5,7,13,19,9,0,3,2,0,0,3.29,3.2,2.29
Monaco,Guingamp,12,6,0,H,18,12,9,3,17,9,4,1,1,1,0,0,1.44,4.75,7
Montpellier,Amiens,12,1,1,D,10,12,3,1,11,12,3,2,2,1,0,0,1.75,3.39,5.5
Nantes,Toulouse,12,2,1,H,11,10,6,3,20,16,9,4,2,4,0,0,2,3.1,4.33
Nice,Dijon,12,1,0,H,11,13,4,4,14,9,6,4,1,1,1,0,1.72,3.6,5.25
Rennes,Bordeaux,12,1,0,H,6,6,2,0,14,26,8,0,2,5,0,0,3.25,3.25,2.29
Saint-Étienne,Lyon,12,0,5,A,13,13,2,10,22,17,5,1,1,2,1,0,4.2,3.39,1.95
Troyes,Strasbourg,12,3,0,H,13,10,6,2,18,8,4,1,3,1,0,1,2.75,3.29,2.62
Amiens,Monaco,13,1,1,D,10,15,2,4,15,15,4,4,2,3,0,0,5.25,3.79,1.66
Bordeaux,Marseille,13,1,1,D,9,14,3,3,16,14,3,6,4,2,0,0,2.29,3.39,3.1
Caen,Nice,13,1,1,D,18,12,4,7,10,11,12,3,2,3,0,0,2.6,3.1,2.89
Dijon,Troyes,13,3,1,H,15,11,8,4,13,12,4,4,1,1,0,0,1.9,3.39,4.33
Guingamp,Angers,13,1,1,D,9,10,2,2,15,18,1,7,4,4,1,0,2.29,3.2,3.29
Lille,Saint-Étienne,13,3,1,H,12,8,5,3,10,16,8,10,2,3,0,0,2.1,3.25,3.75
Lyon,Montpellier,13,0,0,D,15,15,3,2,11,9,9,6,2,1,0,0,1.39,4.5,9
Paris S-G,Nantes,13,4,1,H,23,8,10,1,9,17,9,2,2,3,0,0,1.11,10,21
Strasbourg,Rennes,13,2,1,H,11,13,5,4,18,8,6,7,1,0,0,1,2.29,3.2,3.29
Toulouse,Metz,13,0,0,D,21,12,3,5,16,11,9,4,2,3,0,1,1.72,3.6,5.25
Caen,Bordeaux,14,1,0,H,12,10,2,2,13,14,4,8,2,3,0,0,3.39,3.1,2.29
Dijon,Toulouse,14,3,1,H,13,12,5,4,11,16,6,2,3,2,0,0,2.25,3.2,3.39
Marseille,Guingamp,14,1,0,H,21,4,7,1,11,13,6,2,2,2,0,0,1.5,4.33,6.5
Metz,Amiens,14,0,2,A,21,11,6,2,17,8,8,1,1,0,0,0,2.37,3.2,3.2
Monaco,Paris S-G,14,1,2,A,8,18,2,5,17,13,1,4,3,4,0,0,5.25,4.75,1.53
Montpellier,Lille,14,3,0,H,18,10,6,4,13,14,6,7,1,6,0,0,2.14,3.2,3.7
Nice,Lyon,14,0,5,A,10,11,3,7,19,13,2,2,5,3,1,0,3.29,3.39,2.2
Rennes,Nantes,14,2,1,H,15,10,5,1,17,14,8,2,3,6,0,1,2.39,3.1,3.2
Saint-Étienne,Strasbourg,14,2,2,D,12,10,6,4,14,10,7,4,4,2,0,0,2,3.5,3.75
Troyes,Angers,14,3,0,H,9,7,3,3,15,15,4,3,2,4,0,0,3.2,3.2,2.37
Amiens,Dijon,15,2,1,H,8,16,5,6,5,14,3,6,0,3,0,0,2.37,3.1,3.25
Angers,Rennes,15,1,2,A,10,8,4,3,9,11,7,4,0,1,0,0,2.1,3.2,3.79
Bordeaux,Saint-Étienne,15,3,0,H,12,11,6,5,12,19,2,6,1,2,0,0,1.83,3.39,4.75
Guingamp,Montpellier,15,0,0,D,10,6,1,4,15,21,8,3,1,3,0,0,2.39,3.1,3.25
Lyon,Lille,15,1,2,A,21,7,5,3,8,13,4,2,0,1,0,0,1.33,5,10
Metz,Marseille,15,0,3,A,9,21,4,8,13,8,0,9,1,0,0,0,6.5,4.33,1.5
Nantes,Monaco,15,1,0,H,16,9,5,1,9,12,11,5,0,0,0,0,3.75,3.39,2.04
Paris S-G,Troyes,15,2,0,H,19,6,6,3,14,16,11,1,0,1,0,0,1.04,17,34
Strasbourg,Caen,15,0,0,D,6,15,3,1,13,13,2,3,1,2,0,0,1.95,3.25,4.2
Toulouse,Nice,15,1,2,A,14,8,3,4,16,12,6,4,3,4,1,1,2.62,3,2.89
Caen,Lyon,16,1,2,A,19,11,4,4,18,15,9,4,1,3,0,0,4.33,3.6,1.85
Dijon,Bordeaux,16,3,2,H,17,14,5,6,15,14,6,4,2,2,0,0,3.1,3.1,2.5
Lille,Toulouse,16,1,0,H,10,10,3,3,17,18,3,6,2,3,0,0,2.04,3.29,3.89
Monaco,Angers,16,1,0,H,5,8,3,3,13,19,5,3,3,3,0,0,1.39,4.75,8
Montpellier,Marseille,16,1,1,D,13,6,4,2,9,23,1,3,4,2,0,0,3.39,3.29,2.2
Nice,Metz,16,3,1,H,15,13,7,5,10,17,1,5,0,2,0,0,1.44,4,8.5
Rennes,Amiens,16,2,0,H,25,6,5,2,10,7,16,0,1,5,0,0,2,3,4.75
Saint-Étienne,Nantes,16,1,1,D,13,22,4,6,18,10,5,9,4,1,0,0,2.29,3,3.6
Strasbourg,Paris S-G,16,2,1,H,5,29,2,5,20,5,0,13,4,3,0,0,15,8,1.16
Troyes,Guingamp,16,0,1,A,14,11,3,5,13,9,5,3,2,2,1,1,2.62,3.1,2.89
Amiens,Lyon,17,1,2,A,14,12,6,3,11,15,2,2,1,2,0,0,5.5,4,1.61
Angers,Montpellier,17,1,1,D,13,10,4,6,15,10,5,4,3,2,0,0,2.39,3.1,3.25
Bordeaux,Strasbourg,17,0,3,A,12,10,2,4,14,10,10,5,3,1,0,0,1.64,3.75,5.75
Guingamp,Dijon,17,4,0,H,17,8,9,1,5,7,18,2,0,0,0,1,2.1,3.29,3.75
Marseille,Saint-Étienne,17,3,0,H,18,5,7,1,13,10,7,2,1,2,0,1,1.5,4.2,7
Metz,Rennes,17,1,1,D,13,5,6,4,14,11,5,6,3,3,0,0,3.7,3,2.25
Monaco,Troyes,17,3,2,H,19,5,6,3,14,22,16,1,4,5,0,0,1.3,5.5,10
Nantes,Nice,17,1,2,A,22,12,4,5,13,12,5,3,1,4,0,0,2.1,3.1,3.89
Paris S-G,Lille,17,3,1,H,14,7,5,2,14,19,5,4,2,2,0,0,1.12,9,21
Toulouse,Caen,17,2,0,H,10,11,3,3,15,10,4,5,1,2,0,0,2.25,2.89,3.79
Caen,Guingamp,18,0,0,D,11,8,2,5,20,13,5,4,2,4,0,0,2.14,3.25,3.6
Dijon,Lille,18,3,0,H,13,9,8,5,14,9,3,4,1,1,0,0,2.25,3.2,3.39
Lyon,Marseille,18,2,0,H,8,19,5,5,10,19,5,10,0,2,0,0,2.04,3.6,3.5
Montpellier,Metz,18,1,3,A,9,6,3,4,10,21,3,2,1,2,0,0,1.44,4.2,8
Nantes,Angers,18,1,0,H,10,7,4,0,9,15,3,6,3,2,1,0,2.04,3.2,4
Nice,Bordeaux,18,1,0,H,11,10,3,1,10,15,2,4,1,2,0,0,2.29,3.25,3.2
Rennes,Paris S-G,18,1,4,A,14,21,2,10,16,10,4,11,4,3,1,1,11,7,1.22
Saint-Étienne,Monaco,18,0,4,A,5,22,3,9,11,11,4,4,1,0,1,0,4.75,3.75,1.75
Strasbourg,Toulouse,18,2,1,H,9,11,5,3,17,15,5,5,2,4,0,0,2.1,3.2,3.7
Troyes,Amiens,18,1,0,H,19,11,7,3,18,14,9,0,4,2,0,0,2.29,3.1,3.39
Amiens,Nantes,19,0,1,A,12,14,5,5,17,13,5,2,3,2,0,0,2.79,3.1,2.7
Angers,Dijon,19,2,1,H,24,16,11,3,16,18,7,3,3,4,0,1,2.14,3.25,3.6
Bordeaux,Montpellier,19,0,2,A,8,14,1,6,14,13,4,2,3,3,0,0,2.1,3.2,3.79
Guingamp,Saint-Étienne,19,2,1,H,27,3,6,3,13,13,10,0,3,2,0,1,1.9,3.25,4.5
Lille,Nice,19,1,1,D,5,8,1,3,18,11,3,4,2,4,0,0,2.54,3.2,2.89
Marseille,Troyes,19,3,1,H,20,8,8,3,11,13,8,2,1,0,0,0,1.3,5.5,10
Metz,Strasbourg,19,3,0,H,26,7,9,2,17,13,10,8,4,1,0,0,3,3.29,2.45
Monaco,Rennes,19,2,1,H,14,8,4,2,21,19,8,1,3,2,0,0,1.39,4.75,8
Paris S-G,Caen,19,3,1,H,21,9,7,4,7,12,5,6,2,2,0,0,1.07,12,29
Toulouse,Lyon,19,1,2,A,17,14,5,10,16,11,8,4,3,2,0,0,4.33,3.79,1.8
Caen,Lille,20,0,1,A,15,12,7,5,15,11,5,3,3,3,1,1,2.6,2.89,3.1
Dijon,Metz,20,1,1,D,12,12,7,6,10,15,6,7,2,2,1,0,1.85,3.5,4.33
Lyon,Angers,20,1,1,D,19,9,7,2,11,18,12,1,2,4,0,1,1.44,4.5,7.5
Montpellier,Monaco,20,0,0,D,16,13,4,6,15,10,10,6,5,1,0,0,3.5,3.25,2.2
Nantes,Paris S-G,20,0,1,A,13,20,3,3,17,11,2,5,3,2,1,0,12,6,1.25
Nice,Amiens,20,1,0,H,20,9,7,3,10,13,7,1,1,0,0,0,1.6,3.6,6.5
Rennes,Marseille,20,0,3,A,13,18,3,5,8,18,3,2,1,2,0,0,4,3.29,2
Saint-Étienne,Toulouse,20,2,0,H,11,19,5,8,14,22,4,10,1,3,0,0,2.1,3,4
Strasbourg,Guingamp,20,0,2,A,14,10,3,5,14,14,7,7,1,2,0,0,2.5,3.25,2.87
Troyes,Bordeaux,20,0,1,A,8,10,3,4,15,13,2,2,4,0,0,0,3.25,3.1,2.37
Amiens,Montpellier,21,1,1,D,13,16,3,5,10,6,2,3,2,1,0,0,3.75,3,2.25
Angers,Troyes,21,3,1,H,12,8,5,2,15,17,8,2,0,5,0,0,1.8,3.5,4.75
Bordeaux,Caen,21,0,2,A,13,10,5,3,13,12,7,2,3,5,1,0,1.8,3.39,5
Guingamp,Lyon,21,0,2,A,8,21,3,13,20,16,3,11,2,2,0,0,3.39,3.29,2.2
Lille,Rennes,21,1,2,A,11,22,3,12,15,4,2,9,1,0,0,0,2.14,3.29,3.6
Marseille,Strasbourg,21,2,0,H,15,4,7,2,6,15,7,4,2,3,0,0,1.28,5.5,11
Metz,Saint-Étienne,21,3,0,H,19,7,12,4,14,11,6,3,1,4,0,1,2.5,3.2,3
Monaco,Nice,21,2,2,D,6,9,3,5,10,12,6,3,4,4,0,0,1.7,3.79,5
Paris S-G,Dijon,21,8,0,H,23,6,14,1,8,16,9,4,0,1,0,0,1.07,13,25
Toulouse,Nantes,21,1,1,D,15,11,3,2,17,16,3,2,2,4,0,0,2.6,3,3
Amiens,Guingamp,22,3,1,H,13,6,6,1,9,11,7,3,0,2,0,0,3.1,3.1,2.45
Caen,Marseille,22,0,2,A,5,12,2,4,18,15,1,4,2,3,0,0,4.75,3.6,1.75
Lyon,Paris S-G,22,2,1,H,11,11,6,3,16,11,3,7,2,3,0,1,7.5,5,1.39
Monaco,Metz,22,3,1,H,13,3,6,2,11,15,6,3,1,1,0,1,1.33,5.25,8.5
Montpellier,Toulouse,22,2,1,H,22,9,5,3,18,13,5,4,1,4,0,1,1.72,3.39,5.75
Nantes,Bordeaux,22,0,1,A,14,9,4,3,19,11,3,5,1,2,0,0,1.9,3.29,4.5
Nice,Saint-Étienne,22,1,0,H,7,9,2,2,15,23,4,4,3,1,0,0,1.57,3.79,6.5
Rennes,Angers,22,1,0,H,9,9,2,3,13,17,5,4,3,5,0,1,2.1,3.1,3.89
Strasbourg,Dijon,22,3,2,H,16,12,9,5,17,22,5,1,1,1,0,0,2,3.29,4
Troyes,Lille,22,1,0,H,7,9,2,1,13,10,5,6,0,2,0,0,2.7,3,2.89
Angers,Amiens,23,1,0,H,16,3,7,0,14,19,5,4,1,3,0,0,1.85,3.29,4.75
Bordeaux,Lyon,23,3,1,H,9,9,4,4,17,12,2,1,3,3,1,0,3.6,3.5,2.04
Dijon,Rennes,23,2,1,H,14,13,4,4,10,17,3,5,3,2,0,0,2.54,3.39,2.75
Guingamp,Nantes,23,0,3,A,6,13,0,5,9,17,3,9,2,3,0,0,2.39,3.1,3.25
Lille,Strasbourg,23,2,1,H,8,11,5,2,5,11,6,2,1,1,0,0,2.14,3.29,3.5
Marseille,Monaco,23,2,2,D,17,9,6,3,20,15,5,7,3,2,0,0,1.95,3.6,3.79
Metz,Nice,23,2,1,H,15,13,5,5,26,19,4,2,4,5,0,1,3.39,3.25,2.25
Paris S-G,Montpellier,23,4,0,H,11,16,7,3,16,11,2,10,1,2,0,0,1.14,8.5,17
Saint-Étienne,Caen,23,2,1,H,12,14,4,3,12,17,3,8,2,1,0,0,2.04,3.29,3.79
Toulouse,Troyes,23,1,0,H,20,1,7,0,11,15,6,2,1,4,0,1,2,3.2,4.2
Amiens,Saint-Étienne,24,0,2,A,8,16,0,8,10,16,3,4,2,1,0,0,2.5,3.1,3.1
Caen,Nantes,24,3,2,H,16,14,7,4,11,9,6,4,1,2,0,0,2.79,2.89,2.87
Lille,Paris S-G,24,0,3,A,10,19,3,9,11,4,3,9,1,1,0,0,17,7.5,1.16
Marseille,Metz,24,6,3,H,18,18,10,8,9,17,3,5,1,0,0,0,1.25,6,12
Monaco,Lyon,24,3,2,H,12,13,7,4,18,15,3,7,3,3,1,0,2.29,3.5,3
Montpellier,Angers,24,2,1,H,8,8,3,2,10,10,5,1,0,2,0,0,2,3.1,4.33
Nice,Toulouse,24,0,1,A,14,6,2,1,14,13,11,1,2,2,0,0,1.95,3.39,4.2
Rennes,Guingamp,24,0,1,A,13,11,5,4,20,12,4,4,2,4,0,0,2,3.29,4
Strasbourg,Bordeaux,24,0,2,A,9,7,0,4,13,15,7,2,1,4,0,0,3.2,3,2.5
Troyes,Dijon,24,0,0,D,9,7,3,1,15,12,8,6,2,1,0,0,2.39,3.29,3
Angers,Monaco,25,0,4,A,11,10,1,6,11,6,4,3,1,0,0,0,3.2,3.29,2.29
Bordeaux,Amiens,25,3,2,H,14,19,4,6,11,13,7,11,0,1,0,0,1.5,4,7.5
Dijon,Nice,25,3,2,H,11,14,3,5,14,14,4,8,2,3,0,0,2.7,3.29,2.62
Guingamp,Caen,25,0,0,D,6,12,1,2,12,17,1,7,1,2,0,0,2.1,3.29,3.75
Lyon,Rennes,25,0,2,A,19,6,6,3,16,8,10,1,2,1,0,0,1.5,4.33,6.5
Metz,Montpellier,25,0,1,A,12,16,5,8,15,11,11,6,2,1,0,0,3.29,3.1,2.37
Nantes,Lille,25,2,2,D,20,7,6,4,9,11,5,7,0,1,0,0,1.85,3.39,4.75
Saint-Étienne,Marseille,25,2,2,D,7,12,3,4,12,12,2,7,0,0,0,0,4.33,3.6,1.85
Strasbourg,Troyes,25,2,1,H,12,12,2,4,9,14,4,6,2,2,0,0,1.95,3.39,4.2
Toulouse,Paris S-G,25,0,1,A,3,21,1,6,20,13,0,10,4,2,0,0,17,7,1.18
Amiens,Toulouse,26,0,0,D,6,12,1,5,11,15,2,6,1,0,1,0,2.7,3,2.87
Angers,Saint-Étienne,26,0,1,A,19,10,4,3,14,14,10,5,1,2,0,0,2.5,3.2,3
Caen,Rennes,26,2,2,D,18,11,6,5,4,8,12,11,2,0,0,0,2.45,3.1,3.1
Lille,Lyon,26,2,2,D,14,13,5,5,12,9,7,3,0,4,0,0,4,3.5,1.95
Marseille,Bordeaux,26,1,0,H,12,5,8,1,11,12,7,4,2,2,0,0,1.61,4,5.5
Monaco,Dijon,26,4,0,H,14,7,5,4,11,13,5,5,2,1,0,0,1.28,5.75,10
Montpellier,Guingamp,26,1,1,D,19,4,5,1,8,15,4,2,1,1,0,0,1.8,3.39,5
Nice,Nantes,26,1,1,D,12,9,4,3,13,9,14,4,2,0,0,0,2.25,3.1,3.5
Paris S-G,Strasbourg,26,5,2,H,20,12,11,2,9,15,4,6,2,3,0,0,1.08,11,34
Troyes,Metz,26,1,0,H,18,10,9,4,9,9,10,4,1,2,0,0,2.2,3.2,3.5
Bordeaux,Nice,27,0,0,D,23,3,6,0,17,17,6,0,2,2,0,0,2.1,3.29,3.7
Dijon,Caen,27,2,0,H,13,13,3,2,6,16,5,8,1,4,0,0,2.2,3.29,3.39
Guingamp,Metz,27,2,2,D,17,5,8,2,15,16,5,5,3,4,0,0,2,3.5,3.79
Lille,Angers,27,1,2,A,14,14,3,9,12,11,4,5,0,2,0,0,2.2,3.2,3.5
Lyon,Saint-Étienne,27,1,1,D,9,8,5,2,9,23,3,7,1,3,0,0,1.44,4.5,7
Nantes,Amiens,27,0,1,A,27,8,4,1,10,16,8,6,2,2,0,0,1.66,3.6,5.75
Paris S-G,Marseille,27,3,0,H,10,15,3,6,21,18,3,6,6,5,0,0,1.25,6.5,10
Rennes,Troyes,27,2,0,H,11,8,6,0,9,11,5,5,3,1,0,1,1.72,3.6,5.25
Strasbourg,Montpellier,27,0,0,D,11,8,3,2,17,11,4,3,2,3,0,0,3.2,3,2.39
Toulouse,Monaco,27,3,3,D,9,9,6,5,13,15,6,6,1,3,0,0,4.33,3.5,1.85
Amiens,Rennes,28,0,2,A,14,18,3,5,19,16,6,3,2,3,0,0,3.25,3.1,2.39
Angers,Guingamp,28,3,0,H,15,12,6,3,14,8,6,3,1,1,0,0,2.04,3.2,4
Caen,Strasbourg,28,2,0,H,7,11,4,2,14,12,5,3,4,2,0,0,2.14,3.29,3.6
Marseille,Nantes,28,1,1,D,22,9,5,3,7,19,8,4,3,4,0,1,1.53,4,7
Metz,Toulouse,28,1,1,D,12,18,1,4,7,14,4,9,0,4,1,0,2.62,3.1,2.87
Monaco,Bordeaux,28,2,1,H,18,6,5,1,9,13,7,3,0,1,0,0,1.61,4,5.75
Montpellier,Lyon,28,1,1,D,10,19,5,4,15,6,4,4,2,2,0,0,2.89,3.2,2.54
Nice,Lille,28,2,1,H,23,12,10,5,9,12,8,4,3,1,0,0,1.72,3.5,5.5
Saint-Étienne,Dijon,28,2,2,D,13,9,7,5,10,15,8,6,0,4,0,0,1.72,3.6,5.25
Troyes,Paris S-G,28,0,2,A,10,20,2,13,7,6,2,4,3,1,0,0,9.5,5.75,1.28
Bordeaux,Angers,29,0,0,D,12,9,2,0,10,6,3,2,0,0,0,0,1.85,3.39,4.75
Dijon,Amiens,29,1,1,D,10,10,3,4,12,13,5,1,3,0,0,0,1.85,3.39,4.75
Guingamp,Nice,29,2,5,A,12,17,6,5,24,8,6,5,3,1,0,0,2.79,3.1,2.7
Lille,Montpellier,29,1,1,D,5,13,2,4,17,12,3,6,2,2,0,0,3.1,3,2.54
Lyon,Caen,29,1,0,H,20,6,4,1,3,8,4,2,1,1,0,0,1.44,4.75,7
Nantes,Troyes,29,1,0,H,19,8,3,0,6,6,5,3,0,1,0,0,1.66,3.5,6
Paris S-G,Metz,29,5,0,H,18,6,10,3,10,10,9,2,0,1,0,0,1.08,12,23
Rennes,Saint-Étienne,29,1,1,D,18,9,7,3,16,14,8,4,0,4,0,0,2.25,3.2,3.39
Strasbourg,Monaco,29,1,3,A,29,10,5,4,13,14,5,3,0,1,0,0,5.5,3.75,1.66
Toulouse,Marseille,29,1,2,A,9,23,4,9,16,19,3,7,2,3,0,0,4,3.29,2
Amiens,Troyes,30,1,1,D,8,11,1,5,13,11,4,4,1,1,0,0,2.14,3.2,3.75
Angers,Caen,30,3,0,H,13,8,6,2,11,9,1,4,1,2,0,0,1.85,3.2,4.75
Bordeaux,Rennes,30,0,2,A,9,6,2,3,13,8,4,2,2,1,0,0,2,3.2,4.2
Marseille,Lyon,30,2,3,A,10,11,5,6,12,14,2,4,2,3,0,0,2,3.6,3.75
Metz,Nantes,30,1,1,D,8,15,4,4,7,10,3,4,2,0,0,0,3.6,3,2.25
Monaco,Lille,30,2,1,H,10,14,4,5,13,10,4,2,2,0,0,0,1.28,5.75,10
Montpellier,Dijon,30,2,2,D,18,10,11,7,16,13,4,5,1,4,0,0,1.61,3.6,6.5
Nice,Paris S-G,30,1,2,A,14,19,4,7,8,12,5,4,0,1,0,0,10,5.25,1.33
Saint-Étienne,Guingamp,30,2,0,H,16,9,6,3,16,12,7,5,2,3,0,0,1.72,3.5,5.5
Toulouse,Strasbourg,30,2,2,D,11,12,6,4,12,11,6,2,2,1,0,0,2.04,3.2,4
Caen,Montpellier,31,1,3,A,8,9,5,6,22,11,4,4,2,2,0,0,2.89,3.1,2.5
Dijon,Marseille,31,1,3,A,12,11,2,5,11,15,6,6,2,3,1,0,4.75,3.79,1.7
Guingamp,Bordeaux,31,2,1,H,14,15,6,6,12,14,5,5,1,2,0,0,2.87,3.2,2.5
Lille,Amiens,31,0,1,A,15,10,3,2,9,15,3,3,0,2,0,0,2.04,3.29,3.6
Lyon,Toulouse,31,2,0,H,20,10,5,6,14,9,8,3,1,1,0,0,1.36,4.59,9
Nantes,Saint-Étienne,31,0,3,A,20,15,4,8,16,12,6,4,3,0,0,0,2.25,3.1,3.39
Paris S-G,Angers,31,2,1,H,14,20,7,8,7,11,7,8,1,2,1,0,1.07,13,25
Rennes,Monaco,31,1,1,D,20,8,7,2,28,17,8,1,0,2,0,0,3.39,3.39,2.14
Strasbourg,Metz,31,2,2,D,18,11,5,5,16,23,5,1,5,4,1,1,1.85,3.5,4.2
Troyes,Nice,31,0,2,A,11,15,3,6,16,5,8,5,1,0,0,0,3.29,3.25,2.2
Amiens,Caen,32,3,0,H,11,14,4,7,14,14,7,4,3,1,0,0,2.37,3,3.39
Angers,Strasbourg,32,1,1,D,3,11,2,5,10,17,2,9,1,1,0,0,1.85,3.6,4.33
Bordeaux,Lille,32,2,1,H,15,7,6,1,14,12,7,2,1,3,0,1,1.72,3.5,5.5
Guingamp,Troyes,32,4,0,H,15,8,10,4,11,12,9,10,1,1,0,0,1.85,3.5,4.5
Marseille,Montpellier,32,0,0,D,12,6,3,2,14,12,6,2,2,1,0,0,1.6,4,5.75
Metz,Lyon,32,0,5,A,10,14,5,6,18,7,4,3,2,0,0,0,6.5,4.33,1.5
Monaco,Nantes,32,2,1,H,6,10,3,4,12,11,7,5,4,3,0,0,1.5,4.33,6.5
Nice,Rennes,32,1,1,D,10,9,2,3,7,12,5,2,4,4,0,0,1.9,3.39,4.33
Saint-Étienne,Paris S-G,32,1,1,D,16,8,5,2,5,16,11,3,1,4,0,1,9,5.5,1.33
Toulouse,Dijon,32,0,1,A,20,8,5,3,15,15,10,3,2,1,0,0,1.9,3.39,4.33
Angers,Nice,33,1,1,D,12,15,3,7,14,5,4,8,1,3,0,0,2.39,3.2,3.1
Caen,Toulouse,33,0,0,D,9,5,0,2,9,11,1,2,2,1,0,0,2.6,2.87,3.2
Lille,Guingamp,33,2,2,D,10,6,3,3,15,15,2,3,2,1,0,0,2.37,3.29,3.1
Lyon,Amiens,33,3,0,H,25,5,8,2,9,11,7,5,0,0,0,0,1.22,6.5,13
Montpellier,Bordeaux,33,1,3,A,19,9,5,4,9,8,6,2,3,2,0,0,2.04,3.29,3.79
Nantes,Dijon,33,1,1,D,15,12,2,4,14,9,6,4,0,0,0,0,1.7,3.6,5.5
Paris S-G,Monaco,33,7,1,H,12,11,7,2,8,8,4,2,1,3,0,0,1.28,5.75,10
Rennes,Metz,33,1,2,A,14,7,3,6,6,17,7,3,1,4,0,0,1.44,4.5,7.5
Strasbourg,Saint-Étienne,33,0,1,A,16,5,6,1,11,10,10,1,3,1,0,0,3.2,3.29,2.29
Troyes,Marseille,33,2,3,A,12,21,7,9,15,8,5,8,2,2,0,0,5.5,4,1.61
Amiens,Strasbourg,34,3,1,H,7,15,5,2,20,11,2,6,4,2,0,0,2.6,3.1,3
Bordeaux,Paris S-G,34,0,1,A,21,10,8,2,15,8,8,5,0,1,0,0,6.5,4.33,1.5
Dijon,Lyon,34,2,5,A,17,17,5,11,11,12,9,5,1,2,0,0,7.5,5,1.39
Guingamp,Monaco,34,3,1,H,24,4,12,1,13,17,10,1,0,2,0,1,4,3.6,1.85
Marseille,Lille,34,5,1,H,19,14,8,3,9,8,3,6,0,1,0,0,1.33,5,10
Metz,Caen,34,1,1,D,15,5,3,4,9,11,7,2,2,1,0,0,2.29,3.2,3.29
Nantes,Rennes,34,1,1,D,13,18,7,9,17,12,5,8,6,2,1,0,2.25,3.2,3.39
Nice,Montpellier,34,1,0,H,16,5,4,2,10,13,3,3,0,0,0,0,2.04,3.29,3.79
Saint-Étienne,Troyes,34,2,1,H,18,6,6,3,5,21,7,2,0,2,0,0,1.5,4,7.5
Toulouse,Angers,34,2,0,H,14,7,8,0,11,11,6,2,1,2,0,0,2.29,3,3.5
Angers,Marseille,35,1,1,D,14,13,6,5,9,9,4,9,1,3,0,0,4.2,3.6,1.83
Bordeaux,Dijon,35,3,1,H,10,10,4,3,14,12,4,4,1,0,0,0,1.5,4.2,7
Lille,Metz,35,3,1,H,15,14,9,4,11,12,3,5,0,2,0,0,1.83,3.6,4.5
Lyon,Nantes,35,2,0,H,25,12,11,4,7,14,6,4,1,1,0,0,1.28,5.75,10
Monaco,Amiens,35,0,0,D,16,7,1,1,9,13,6,6,1,2,1,1,1.18,7,17
Montpellier,Saint-Étienne,35,0,1,A,25,7,5,5,9,7,9,1,0,2,0,0,2.39,3.1,3.1
Paris S-G,Guingamp,35,2,2,D,14,22,3,5,11,9,7,7,2,0,0,0,1.08,11,26
Rennes,Toulouse,35,2,1,H,6,12,3,2,11,14,2,7,2,1,1,0,1.9,3.5,4.2
Strasbourg,Nice,35,1,1,D,9,11,2,7,18,13,3,8,2,4,0,0,3.5,3.25,2.25
Troyes,Caen,35,3,1,H,5,13,3,2,8,16,4,5,1,2,0,0,2.2,3.1,3.6
Amiens,Paris S-G,36,2,2,D,12,23,5,8,14,10,3,13,2,0,0,0,9,6,1.3
Caen,Monaco,36,1,2,A,16,17,5,4,14,16,6,8,1,2,1,0,4.2,3.75,1.83
Dijon,Guingamp,36,3,1,H,19,4,9,1,10,9,4,3,1,1,0,0,2.7,3.29,2.62
Lyon,Troyes,36,3,0,H,17,13,5,4,9,9,6,8,2,2,0,0,1.14,8.5,19
Marseille,Nice,36,2,1,H,18,11,8,2,18,12,9,4,1,1,0,0,1.7,3.79,5
Metz,Angers,36,1,2,A,8,17,4,4,12,11,2,7,1,0,0,0,2.75,3.2,2.7
Nantes,Montpellier,36,0,2,A,11,12,2,7,14,8,7,3,0,3,0,0,2.29,3.2,3.29
Rennes,Strasbourg,36,2,1,H,14,7,2,3,10,11,5,5,1,1,0,0,1.75,3.75,4.75
Saint-Étienne,Bordeaux,36,1,3,A,16,11,3,5,12,12,5,2,2,3,0,0,2,3.29,4
Toulouse,Lille,36,2,3,A,6,17,4,8,14,16,1,3,4,2,1,0,2.14,3.29,3.5
Amiens,Metz,37,2,0,H,9,13,2,1,14,15,3,8,1,2,0,0,1.8,3.6,4.5
Angers,Nantes,37,0,2,A,14,12,2,2,7,11,5,4,0,1,0,0,2.29,3.25,3.25
Bordeaux,Toulouse,37,4,2,H,15,10,6,4,8,20,6,6,1,3,0,0,1.83,3.6,4.5
Guingamp,Marseille,37,3,3,D,22,16,7,5,20,15,6,11,2,0,0,1,5.25,4.33,1.6
Lille,Dijon,37,2,1,H,13,12,3,7,8,11,4,4,0,2,0,0,1.5,4,7.5
Monaco,Saint-Étienne,37,1,0,H,18,11,5,3,14,11,6,5,1,1,1,0,1.61,4.33,5
Montpellier,Troyes,37,1,1,D,22,9,3,2,10,9,11,1,0,0,0,0,1.75,3.6,5
Nice,Caen,37,4,1,H,21,12,8,5,10,18,4,7,0,1,0,1,1.6,3.79,6
Paris S-G,Rennes,37,0,2,A,14,10,5,2,12,12,7,7,1,0,0,0,1.25,6.5,10
Strasbourg,Lyon,37,3,2,H,9,8,4,3,25,20,2,1,5,1,0,0,6.5,4.5,1.5
Caen,Paris S-G,38,0,0,D,11,7,6,2,15,18,2,3,3,1,0,0,5,3.75,1.72
Dijon,Angers,38,2,1,H,7,16,1,8,17,7,1,9,1,2,0,0,2.25,3.7,3
Lyon,Nice,38,3,2,H,23,11,8,4,15,13,8,7,3,3,0,0,1.44,4.75,6.5
Marseille,Amiens,38,2,1,H,27,5,11,2,12,12,7,3,0,0,0,0,1.22,6.5,13
Metz,Bordeaux,38,0,4,A,7,15,0,7,11,16,4,6,3,0,0,1,7.5,4.5,1.44
Nantes,Strasbourg,38,1,0,H,9,10,2,2,6,12,2,7,0,0,0,0,1.85,3.6,4.33
Rennes,Montpellier,38,1,1,D,9,9,1,6,10,12,8,4,0,1,0,1,1.9,3.5,4.2
Saint-Étienne,Lille,38,5,0,H,14,11,7,3,6,5,7,4,1,0,0,0,1.55,4.2,6
Toulouse,Guingamp,38,2,1,H,17,13,7,6,9,14,9,5,3,2,0,0,1.57,4.2,5.75
Troyes,Monaco,38,0,3,A,12,21,4,14,14,13,6,2,1,1,0,0,5.75,4.2,1.57
